{
  "version": 1,
  "author": "Anonymous maker",
  "editor": "wokwi",
  "parts": [
    { "type": "board-esp32-devkit-c-v4", "id": "esp", "top": 19.2, "left": 4.84, "attrs": {} },
    { "type": "wokwi-gas-sensor", "id": "gas1", "top": -35.7, "left": -185, "attrs": {} },
    {
      "type": "wokwi-buzzer",
      "id": "bz1",
      "top": -103.2,
      "left": 1.8,
      "attrs": { "volume": "0.1" }
    }
  ],
  "connections": [
    [ "esp:TX", "$serialMonitor:RX", "", [] ],
    [ "esp:RX", "$serialMonitor:TX", "", [] ],
    [ "gas1:VCC", "esp:3V3", "red", [ "v0" ] ],
    [ "gas1:AO", "esp:34", "green", [ "v0" ] ],
    [ "bz1:2", "esp:25", "red", [ "v28.8", "h-48.4", "v115.2" ] ],
    [ "bz1:1", "esp:GND.2", "black", [ "v9.6", "h67.2" ] ],
    [ "gas1:GND", "esp:GND.1", "limegreen", [ "h28.8", "v172" ] ],
    [ "gas1:AOUT", "esp:34", "gold", [ "h9.6", "v124.8" ] ]
  ],
  "dependencies": {}
}